game_name,trends_score
Arknights: Endfield,9
King Crab,51
CRACKED,91
MLB The Show 26,61
Wuthering Waves: For You Who Walk in Snow,0
Honkai: Star Rail - No Aha At Full Moon,0
Terraria: Bigger and Boulder,3
God of War Sons of Sparta,15
Carmageddon: Rogue Shift,6
Fate Trigger,6
Dragonkin: The Banished,47
Life is Strange: Reunion,100
Never Grave: The Witch and the Curse,27
Dispatch,6
No Man's Sky: Remnant,3
Space Aces,16
Ace of Space,37
Resident Evil Requiem,13
NO ENTRY,66
FRONT MISSION 3: Remake,32
Cairn,12
Starship Troopers: Ultimate Bug War!,13
Dark Ties,19
Kingdom Come: Deliverance,60
Project Songbird,100
WWE 2K26,47
Rubato,69
Megastore Simulator,58
Hollow Knight,11
Wastelanders,46
Starsand Island,20
Saga & Seeker,12
Zenless Zone Zero: Update 2.6 - Encore for an Old Dream,0
GreedFall: The Dying World,22
South of Midnight,11
Marathon,0
"Genshin Impact: Homeward, He Who Caught the Wind",0
Primal Planet,0
LANDED,0
Monster Hunter Stories 3: Twisted Reflection,0
Curse Warrior,0
The Stairwell,50
Helldivers 2: Machinery of Oppression,0
The Seven Deadly Sins: Origin,0
Hungry,0
Core Keeper: Void & Voltage,0
Avowed,0
Death Howl,0
Tokyo Xtreme Racer,0
2XKO,0
1348: Ex Voto,0
Horror Tale 3: The Witch,0
Pathologic 3,0
Daisenryaku SSB2,0
Renegade X,0
Supreme Strategic Battles 2,0
Pools,0
Navinosuke: The Yo-kai Buster,0
Gallipoli,0
Ride 6,0
Dark Descent,0
Ariana and the Elder Codex,0
Bread & Fred,0
Back to the Dawn,0
Rune Factory: Guardians of Azuma,0
High on Life 2,0
OUTSIDE,0
Ebaseball: Pro Spirit,0
Aces of Thunder,0
A Dance of Fire and Ice,54
Thomas & Friends: Wonders of Sodor,0
Apartment No 129,0
John Carpenter's Toxic Commando,0
Ultimate Sheep Raccoon,0
Reverse 1999: A Flowing Feast,0
Scott Pilgrim EX,0
Touhou: Blossom Blade,0
Romeo is a Dead Man,0
Kyouran Makaism,0
Penguin Wars,0
World's End Club,14
BMX Streets,0
Reanimal: Collector's Edition,0
Might & Magic Fates: The Trading Card Game,0
The Bus,0
Docked,0
Öoo,0
Forgotten at Fredbear's,0
ShootOut,0
Raiden Fighters,0
Screamer,0
After the Curtain Call,0
Showgunners,0
Legacy of Kain: Ascendance,0
Un:logical,0
Roadside Research,0
Golfing Over It with Alva Majo,0
TCG Card Shop Simulator,0
Caves of Qud,0
Emberbane,0
Mr. Sleepy Man,0
No Sleep for Kaname Date: From AI - The Somnium Files,0
JDM: Japanese Drift Master,0
My Hero Academia: All's Justice,0
Cakey's Twisted Bakery,0
Eutolant Saga,0
War in Spain 1936-39,0
Backrooms: Realism,0
Virtual Ties Isekaijoucho Träumerei,0
Pencil Stories,0
Endurance Motorsport Series,0
Cash Cleaner Simulator,0
Demon Tides,0
Sands of Aura,0
G-Mode Archives+: Armored Core Mobile 3,0
Chapolin X Drácula 2,0
Welcome to Doll Town,0
Volontés,0
Where Winds Meet: Spring's Bliss,0
Frontier Paladin,0
This Is the Peace,0
Karous,0
Minishoot' Adventures,0
Stock Market Simulator,0
Lovish,0
Bubble Bobble: Sugar Dungeons,0
Heart of the Forest,0
Etrange Overlord,0
Fortuna Magus,0
Maid of Salvation,0
Donkey Kong Country Returns HD: Version 1.1.0,0
Sand: Raiders Of Sophie,0
World of Unlit,0
Magic Quiz,0
Majotori,0
Critter Box,0
New Heights,0
The Slaverian Trucker,0
Kinsfolk,0
Find My Buddy,0
Overthrown,0
Calamity Angels: Special Delivery,0
Ufophilia,0
Jimmy and the Pulsating Mass,0
Deathground,0
Touhou Rock Maiden FC 3: Little Native Goddess's Revival,0
Kanade,0
Mirage 7,0
Don't Press,0
Pure Pool Pro,0
Final Frontier Story,0
PBA Pro Bowling 2026,0
Super Battle Golf,0
Maid Cafe on Electric Street,0
Leap Year,0
Homicipher,0
The Last Case of John Morley,0
"Hello, Mario!",0
Crisol: Theater of Idols,0
The Coin Game,0
Kigetsu no Yoru,0
The Bearer & The Last Flame,0
Chrono Ark: Deluxe Edition,0
Damon and Baby,0
Ouchi de Amaeru Shakaijin Kanojo no Renai Moyou,0
Chess: Definitive Edition,0
Rushing Beat X: Return of Brawl Brothers,0
GunBird - 2,0
Trail Out,0
Pripyat 0,0
Shadows of Soldiers,0
Racing Life,0
Laysara: Summit Kingdom,0
PC Building Simulator 2,0
The Last Train: Baquedano,0
Path of Mystery: A Brush with Death,0
Park Ranger Simulator,0
WTF AM I PLAYING?!,0
Moonlight In Garland,0
Disciples: Domination,0
The Killing Stone,0
Rei and the Floating City,0
Grind Survivors,0
Orwell: Ignorance is Strength,0
Sumerian Six,0
H=ZERO,0
I Hate this Place,0
NAMAKORIUM (??????),0
Tin Lord,0
ScootX,0
Territory Control 2,0
Dread Meridian?,0
Synergism,0
Unstrange,0
Moto Rush Reborn,0
Baladins,0
Cozy Caravan,0
WorldNeverland: Daily Life in the Elnea Kingdom,0
AstroWars,0
Citadelum,0
Steel Century Groove,0
Afterplace,0
Order 13,0
Shadows of Chroma Tower,0
Crosak,0
Heavy Hearts,0
Unmourned,0
Goldilock One: The Mists of Jakaira,0
"Dear me, I was…",0
The 18th Attic,0
Dustland Delivery,0
Naïca,0
Ultra Bonk Survivors,0
Drop Jump,0
On-Together,0
Dead In Antares,0
Devil Jam,0
In The Hell,0
Forgive Me Father 2,0
Ebola Village,0
Relooted,0
Shadow Corridor 2: Ame no Yohira,0
Unsealed: The Mare,0
Two Hands Hospital Assistant Simulator,0
Dusk Index: Gion,0
Sweet Cafe,0
Kejora,0
Motel Business Simulator,0
Deck of Haunts,0
Space Warlord Baby Trading Simulator,0
Rail Rescue,0
"Not her , But mine",0
The Little Tomb: The Maholova Club and the Search for a Dead Body,0
Portrait of a Torn,0
The Perfect Pencil,0
Soulslinger: Envoy of Death,0
Dissolve Into Me,0
Warplanes: WW2 Dogfight,0
Grimoire Groves,0
Hank: Drowning On Dry Land,0
Everyday Devil,0
DeadCore Redux,0
Crimson Desert,0
Centipede Gun,0
Word95,0
The Prisoning: Fletcher's Quest,0
Cryptical Path,0
G-Mode Archives+: Flash Motor Karen,0
DinoGORE,0
Hunt the Night,0
Void Jump VR,0
Seafrog,0
Breathedge 2,0
????? Hunter Immortal,0
Kristala,0
ChromaGun 2: Dye Hard,0
The Palace on the Hill,0
Dimensional Animals,0
NemoSphere,0
DisasterPR+,0
Shrink Rooms,0
Death Machine,0
Sovereign Syndicate,0
DigDigDrill,0
Song of the Prairie,0
Forks and Daggers,0
Survival Town,0
Elementallis,0
Beef,0
Orwell: Keeping an Eye on You,0
Journey to the Void,0
Honey Bunny,0
Prison Escape Simulator: Dig Out,0
Key Fairy,0
Anxiety Arcade,0
Our Adventurer Guild,0
It’s Quiz Time: Guinness World Records Edition,0
Coney's,0
Indoor Baseball,0
BannerBound,0
Aarik: and the Ruined Kingdom,0
SmashOff,0
Ship's Cat,0
Outbreak: Shades of Horror,0
Sumorbit,0
Stillborn Slayer,0
Bonnie Bear Saves Frogtime,0
Projected Dreams,0
Our Journey,0
Let's Freeze Some Penguins,0
PancitoMerge,0
Corner Kitchen Fast Food Simulator,0
Baptiste,0
HyperDot,0
Emotionless: The Last Ticket,0
NET.CRAWL,0
Outpath,0
Rogue Factory,0
Swimpossible!,0
GridBeat!,0
ReSetna,0
RoadOut,0
Deep Fringe,0
MARKSMAN VR,0
GHOST CAM,0
Sushi Cat: Tower Defense,0
Chicken Rescue,0
Eagle Knight Paradox,0
True Fear: Forsaken Souls Part 3,0
Sonafleki,0
An Action Roguelite For When You Have 20 Minutes to Spare,0
Space Trench,0
The 9th Charnel,0
Lucid,0
Disco Simulator,0
Super Star Shooter Classic,0
Ayin,0
Mate'Morphosis,0
Red Rampant,0
Pixelance,0
Carrot Smash,0
Forest Hustle,0
Machine Gun Fury,0
Waves of Chess,0
Where Time Ends,0
Bubblegum Galaxy,0
CaveVox,0
Pichenette,0
ROGOLF,0
Greedland,0
Untrusted: hackers at large,0
GetHigh.exe,0
Run TavernQuest,0
Letters to Arralla,0
Ghetto Zombies: Graffiti Squad,0
Transilio,0
Kuky Adventure,0
Bent on Destruction,0
Quick Whiskers,0
Roll Or Die,0
Gleeorp the Great Great,0
Bianka Lovesick,0
Freeride,0
One Card One Shot: Mafia,0
O Réquiem das Crianças,0
UNKNOWN FACES,0
Scary Shadow Spot - All In,0
Vampire Therapist,0
Strikers 1945 2,0
Bento Blocks,0
GraviChess,0
Loan Shark,0
Mighty Arms,0
The Guardians Realm,0
Mortanis Prisoners,0
Everwarder,0
Mel The Space Cat,0
Apex Path: BOLT,0
Mousebusters,0
Awkward Family Dinners With Furry Critters,0
Chromacell,0
Backrooms Level X,0
Pao Pao,0
Second Humanity,0
Maid Cafe Coop,0
Toilet 8,0
Batamonisk,0
Possessions,0
Empire in Decay,0
Run Quad Run,0
Color Fear,0
The Island: Escape Room,0
Deep Combat,0
Lofi Mahjong,0
Graviators,0
Cave Ranger,0
Dual Paths,0
Hole Your Horses: Champion Edition,0
Don't Mess With Bober,0
Clean Stack,0
Aroma Love Ready!,0
Planet of Lana II: Children of the Leaf,0
Granite Noir,0
Aonaran Nevaeh,0
Cloudberry Kingdom,0
Pneuma,0
Bean Beasts,0
Collector's Cove,0
Look Mum No Computer,0
Stellar Strider,0
Froggy Hates Snow,0
Nocturnal II,0
Tiny Garden,0
SECTOR ZERO,0
Loop: New Reality,0
Stirge Hunters,0
Dzyun Battle 2026,0
Sanctum Push,0
Bomboban,0
Calyssa,0
Swiftrace Canyon,0
Pixel Fruit Platform,0
Skullbreaker,0
Harvest Cafe,0
Running Fable Petite Party,0
Texplore,0
Joltt - Battle Pillars,0
Tomo Jam,0
Slither Realm,0
Tower War,0
FloraLumina,0
Air Hares,0
SORROW,0
TwentyOne,0
Battle Blocks,0
??????????,0
Lizards VS Humans,0
Bliss Valley: After Dark,0
Wizard?s Gambit,0
Virtual City Playground®: Build Your Metropolis,0
Terraformental,0
Frostrain 2,0
Macaron Sickness,0
COTS,0
Slime Lab,0
A Lenda de Niterói,0
??????????????????????? ????,0
Bald Guys,0
Perfore la demande du perforien,0
Unwanted Dungeon,0
Astrolite,0
The Clubies,0
Blasten!!,0
The HELL : 1923 Kanto Earthquake,0
Shattered Dreams: Redemption,0
DAMN Gravity!,0
Cozy Sketcher - AI Drawing Game,0
Arcane Plunder,0
Forage & Brew,0
Queen Anne's Lace,0
Monster Truck Arena,0
Arcane Rivals,0
TENGAI,0
Dinostory,0
my BEST life my PEST life,0
Restless Dreams,0
Dystopia Girls : Countdown,0
???????,0
Roman General,0
Medieval Siege,0
Eclipse of Eldergaard,0
Dwarfare: All For The Forge,0
Asteroid Odyssey,0
Pomelo & Friends: Sevilla,0
Snapshots,0
Plinbo: Roguelike Plinko,0
Experiment Epsilon,0
Glitch Hearts,0
Pizza at Resort 64,0
Hero Seekers,0
Obey the Voice?,0
SpelBrawl,0
Unspoken,0
Breath Bound,0
Failed Game Developer,0
Kebechet Daughter of Anpu,0
???????Danmo Three Kingdoms: Battle of Wits?,0
Just Dismantle,0
Poker Fate,0
Ratsukade,0
Granite Noir: The Social Experiment,0
King's Devotion,0
The Neeblarium,0
Sunken Dreams,0
Parkour Assassin: Sprint Run 2,0
Jumara,0
IMP,0
Fiction Paradox - Chapter 1,0
Ruff's Bone,0
Digger Beach,0
Let's Save Mice,0
Draw & Play !,0
The Dreaded Hut,0
Jeger,0
Ropeat,0
Help! I'm Turning Into A Mermaid!,0
The Old Man?s Will,0
Akasha: Taliokata's Tomb,0
The House on the Hill,0
?? ?? ???,0
Marsh Into the New Dimension,0
Fantastic journey,0
Aurora's Awakening,0
Chibi Corner,0
Edge of Destruction,0
Air Blitz,0
OxU 2,0
The Power of Fish,0
Humanoid,0
Throne of Blood,0
REBADGE,0
Rock Paper Kill,0
????????? ??????????? ? ?????? ????????????????,0
Blocky's Short Quest,0
??????,0
Mech Builder 3D,0
RaceWorms,0
Aisha?s Futa Diaries,0
PhantomZone SemiDeus,0
Falling Thingies,0
Cooking Stories: Fun Cafe Game,0
Putt Down,0
"His Bet, Her Loss",0
Paradise Lust 3,0
Cosplayer's Quest,0
Cola Tycoon,0
Trypophobia,0
Oriko Days,0
Monster Hard Defence,0
Live Rise!!: 4K Fever,0
[BEAT:KEEPER],0
Particulitix,0
Run Coffee Run,0
The King of Assassins - The Kingdom,0
Direction Quad,0
Service Please: First Dinner,0
FALL,0
Anokye,0
Digital Defender ORC,0
DigScape,0
Where Heaven Fell,0
Codelock,0
Veilborne Sacrament,0
Desktop Dice,0
Dicedus,0
Isagi????? - Isagi's Bartending Diary -,0
Echoes of the Rest,0
Bargalian Regicide,0
Loopweavers: Dimensional Alliances,0
Kurotsuki,0
Hentai Tales: Fairy Princess Hypnosis - Icy Passion,0
Marble Hero,0
Deadful Leningrad: Developer Life Simulator,0
Throst,0
City of Sin - The Nocturne Files [Ep1],0
BoneForged:Legion,0
Perished Truth,0
Truckin It,0
Crazy Coin Poker,0
Merchant's Rise,0
Lofton Oasis,0
ShoJinDen,0
Maiden I'd Love to F,0
Sexy Santa Girls,0
Battle Simulator: Counter Terrorist,0
Tapper's Fiefdom,0
Profaner of Death,0
???????????,0
Pimpalot,0
Retro Memories: Brick Braker,0
Dead Sector: Outbreak,0
The Joy of Putting,0
Tubby's Wonderful Town,0
Wake Up and Jump!,0
Luck Town,0
Chained Sun,0
Flip Hammy,0
Mancer: Prelude,0
Ergenekon,0
Hentai Cowgirl,0
Treasurer,0
Algorithmically,0
GUN!GUN!!SURVIVE!!!,0
MY WIFE IS A PORN STAR 2,0
Ravens Rest,0
??,0
Medieval Merchant,0
Schoolgirl Card Pull Simulator,0
sYs - Save Your Soul,0
R Mate,0
Last Girl / ??,0
Gobble Up!,0
The Lost Experiment,0
TINFISH SOLITAIRE,0
Battington Manor,0
The Femdom Project 6,0
Day of Light,0
I'm in Love With Your Dead Grandmother,0
Sphere Fight,0
????·????????,0
??? ?? (The Adventures of Popo),0
A frog in a small pond,0
NTR Fantasy,0
Flies.,0
Rembrunir 2,0
Slotomancer,0
Snekoban,0
Girl Island,0
Toro 7,0
Wheels Echo: The Winter Chronicle,0
Survivors: Match-3 Island Adventure,0
Static Voice,0
The Princess Factory,0
OutBreak: The Last Survivor,0
Portal Together,0
Hentai Stepsis,0
????!!?????,0
Lofi Neko Girl: Idle Companion,0
No Way Out,0
Nocturn,0
Epic O'clock,0
Fight Poker,0
Hentai Furry Cow,0
You Belong Here,0
SLEEPLESS Nocturne,0
Inner Peace,0
Prostitute Casino,0
Truck Clash Duel,0
Clownfield 6,0
??????? ???????????? in ???????,0
Kanji Collect!,0
Conquest,0
???,0
Hellfire Factory,0
Rogueblock,0
Orangino,0
Vampire Instinct,0
Diluted,0
Desktop Dog Park,0
Anarchy School,0
Yet Another Jumping Game,0
Battle of the Edges,0
Quichotte: Desktop Knight,0
Paradise: Musubi,0
My Building,0
???? The end of paradise,0
After Juice: Animal Disco Mafia,0
Adira Nusantara,0
100 Los Angeles Cats,0
Basketboy's Adventure,0
???? Pixelegend,0
Malón,0
BuddySkill,0
12 Months: Vietnam,0
Dig To Escape,0
Joint Force,0
Protocol Nightmare,0
My Landlord Is a Sadistic MILF,0
Nami no Iro - The Color of the Waves,0
LOW VALUE JOB,0
C.A.R.S. - Creating A Ridiculous Shitshow,0
Intergalactic Cleaning Squad,0
Toilet Femdom 3: Christmas Punks,0
????????????????,0
TonoTone,0
Hentai Tales: The Red Act In Lockdown,0
????KOKUTOTO,0
Mystical Herbalists,0
1000 Princes 2: Loving You Is My Duty,0
Nebula Miner,0
Synthetic Orders,0
Duolty,0
Hentai Cleopatra 2,0
Be My Lust 3,0
Cyndefense Remastered,0
Moe Mekuri After Eden Girl,0
A Lucky Hunt With : Phaedra,0
Don't press X to free the pirate!,0
101 Cats Hidden in Kyoto,0
Mei Paranormies,0
KingBack4:????,0
Frontline Frenzy,0
Neighbor Master,0
Creation of a god: The Eternal Village,0
Seven Seas Jewels Collector's Edition,0
Clans of Four Color: Impossible Promise,0
Hentai Age Vacation,0
Dino Quest,0
Electro Idle,0
A Mystic Journey With Ignis,0
Eternal Lust: Realm of the Undead,0
Loreen's Purgatory,0
Junkyard File,0
What A World,0
?????? ? The Room With The Butterfly,0
The Long Way Home,0
Home Invaders,0
Untold Story,0
Fight Life Legacy,0
My Wifey,0
A Father's Growth Spurt,0
Animal Avenue,0
Gun Up,0
Neurosis,0
The Cemetery Shift | ?????,0
Souls Arena 100 Trials,0
Synephoria,0
Gravity Station,0
What the Healer Left Behind,0
Uninvited: Security Service,0
Running Beehind,0
Love x Fantasy: Lusty Succubus,0
The Helios Incident,0
ZeroOne Terminal,0
Gunslinger survivor,0
Clicker Arsenal,0
Globber,0
Barrok 2,0
Pack my LunchBox,0
????(Brush The Starfall?,0
Fixora,0
Whisker Wars,0
Furry Pirate Jigsaw,0
Deadrock Salvation,0
Emu Empire,0
Guarded by the AI: Painted with Love,0
The Bomb Split,0
Creaworm,0
FARM RACING.,0
Nightmare On Maple Road,0
Silent Core Night ? Holiday Edition,0
Silent Snow,0
SUBSUMED,0
"5 Girls, 1 Honey",0
StealthTag,0
Darker: Chapter 1,0
Sword Sanctuary,0
????? - MilkTea Time,0
Teddy Knight,0
Five Nights At Monkeys: Flat Mode,0
Neon Fantasy: Owls,0
Water Boiling Simulator,0
My Tiny Grocery Store - Desktop Idle Supermarket Game,0
KunKunPrison,0
The Lucky Stray Cat - ??? - Mèo Chiêu Tài,0
Star Voyagers ? Hentai Jigsaw,0
Sweetie Candy Maze: Brown Chocolate,0
Dwarf Saga,0
Lucky Pikinini - IMS Intelligence Corp,0
Mind Faux: The First Compliance,0
???? (Colorless World),0
Hang Down,0
Dystopia RPG,0
Number Dungeon,0
Chill Beach Simulator,0
Tiny Paws,0
Desktop Ant Farm Simulator,0
Sahir: Shiv of Memories,0
TavernHold,0
Body Sushi,0
Automatic Kingdom,0
Abyss Born,0
Penguin Quest,0
Puzzles in Otter Space,0
MAINCORE,0
Iron Decree,0
Aye Leon,0
Alder Forge 2,0
You Can't Corrupt Me! ~Tale of a Naive Elven Swordswoman~,0
Lydina and the Dungeon of Debauchery,0
Tornado Chaser,0
Flufftopia: Fluffmazing Edition by Daniel da Silva,0
Landslip,0
No Rest for Lex,0
Touhou Rinrinki ~ Crafts of the Lucky Beast,0
Finger Party,0
Scribble Bots,0
Mom Stolen in Space,0
Nearly Impossible Odds,0
Lil Elfred Re:Gifted,0
"Spiritual Bond ?Breaking the curse, Intertwining fates?",0
Angry Chef World Tour,0
Kingdom Savannah,0
Rela,0
Battlewrights,0
Labyrinth of Touhou Tri -The Dreaming Girls & The Mysterious Orbs-,0
Haifa,0
Monstro Maestro,0
52??,0
Sleepy Cat,0
Reminiscence of Gusuku: Card and Explore,0
Last mile,0
Odyssey Times - A Quest for Adventure,0
Chumini: Tiny Army,0
Carnaval Marbles,0
Ragtag Heroes : CO-OP Deckbuilder,0
????-????,0
UPLOAD,0
Island Of Enchantment,0
Poly TD,0
Ascendant Dawn,0
Spinny Dungeon,0
Bots & Mods,0
TransmuTowers,0
Surreality Check,0
Casual Desires,0
CUPRUM2929,0
Gachi Defense,0
Gnomestead,0
Evolit,0
Shenaniguns,0
Solo Tactics,0
Champions of Chaxia,0
Bladefall,0
B.I.R.D.,0
Journey Express,0
Your Canvas,0
Fugitive Free Rider,0
Relative Frame,0
Hidden Tails,0
????? The False God's Fold,0
Whisper of the Swallows,0
???·????,0
Cosmic Carnage,0
Squiigee,0
Arcadium - Space Odyssey,0
Re-Activated,0
Sweet OL,0
Threshold of Judgment,0
Detective Bass in Fish out of Water,0
Oort Protocol: Perihelion,0
Sweet Cheering,0
Digital Crypt's Fantasy Marbles,0
Star College - Episode I,0
Bunny Hopper,0
Empty Gauge,0
One Try Only!,0
Dark Signal,0
Chihuahua Controller,0
RDL,0
Elemental Brawl,0
RYZY NYIL,0
Guards vs Goats,0
Dig Deeper,0
Football Academy Manager,0
DoveDays : Time Flies,0
Hope Company,0
Digging a Hole... with a Spoon... Escape from Alcatraz,0
Eggscape,0
Monster Truck Demolition Derby,0
Celestial Conquest,0
Backrooms: The True Level,0
Really Fast Rat,0
Grimslair,0
Putt It In Orbit,0
Chaturanga,0
My Tiny Garden,0
Nightork Adventures 3 - Arena,0
Arena of Suffering,0
Kitty Can Cook,0
????Croak Squad?,0
Painting Pixels,0
?????? Kaiju Cracking Corporation,0
Country Drive Simulator,0
War and Politics,0
DESTROYER BURGER,0
Retro Relics,0
Statecraft: Corrupted Democracy,0
Scam Line,0
The Wedding,0
Working Daily,0
8AM: The Swimming Pool,0
Sweet Wizardess,0
Sins of Sinister: The Viscera-Eater,0
Tabletop Fantasy War,0
Zory,0
Outdoor Cumshot VR,0
Sweet Casino 2,0
Two Rocket Ascent,0
Chhota Bheem Kitchen Adventures,0
The Reflex Lab,0
Lily's Erotic Potion Delivery,0
Divine Wish,0
All Roads Connected,0
The Beginner Investor,0
Hidden Portals: Chronicles of the Sunbound Collector's Edition,0
My Egg Girls: A Gentle Story,0
It Consumes,0
Tatari,0
TACOS - The Adventurous Couple's Original Story Season 1,0
Youchosis,0
Chronicles of Childhood,0
Universal Car Ball,0
INSTALLATION 19,0
Tokyo Desire : Deck Builders,0
Descended,0
Margaritari,0
Animal Express,0
100 Cats Lost In USA Find & Color,0
Deep Dive,0
Whimsy Bake?Craft,0
Axolotl Swim,0
12 MONTHS TO LAUNCH,0
Kindred [High Tide],0
Smash Out Colony,0
?????? Eggo,0
Deceived Of Joy,0
Blue eclipse-Rindo blooming on the ring finger-,0
Soulmon,0
Mythokyn Nightfall,0
Operation: A.S.S. Takedown,0
???? ?Journeys of Real People?,0
Aerial Battle Frame: Vernion,0
PomoTrain: Rabbit Town,0
The Dead Thread,0
Wraith of the Cards,0
Ruins Of Fear,0
"Somewhere, A Cat Sleeps",0
"Deal me, Devil!",0
100 Cats Lost In England Find & Color,0
Laugh Track,0
Ghostly Whiskers,0
Dreamscapes: Nightmare's Heir,0
Warlander,0
Hextreme Void,0
A House That Glows,0
Anime Uni,0
City of Hunger,0
Mage Wars,0
Cowboys,0
Block Cascade,0
Guts 'n Grunts Jr.,0
A Cafe at the End of the World,0
Crazy Cats Survivors,0
Bus Simulator: World Tour,0
Vironics,0
Dorkomon,0
Dark Auction,0
67,0
Artifact Seekers,0
Pixel Puzzles Winter Jigsaws,0
Our Burial Dolls Remastered,0
Bumblebee: Search for Happiness,0
Avatar Island,0
Monster Hunter Wilds: Title Update 5,0
Dragon Quest VII: Reimagined - Digital Deluxe Edition,0
Hidden Cats in Christmas,0
Mote: Workshop,0
Giant Chase,0
Sora: Winds of the Jungle,0
Dot Net,0
Ultra Super Reflection Guide,0
Pixel Puzzles Japan Jigsaws,0
Anime Uni 7: A Happy Valentine,0
Yakuza Kiwami 3 & Dark Ties: Deluxe Edition,0
Reanimal: Digital Deluxe Edition,0
Reanimal: Deluxe Edition,0
Dark Dungeon Mind Mess,0
"God bless, or Goddess",0
The Monty Mole Collection,0
Mini Golf Quest,0
Hidden Objects: Sleeping Beauty,0
The Murder Hotel,0
EmyLiveShow: Demons and Mistresses Tale,0
Bunninjutsu,0
Battle Force,0
Moto Championship 26,0
Megamonk,0
Pawsky,0
Stray of Lostcat,0
Train Your Brain! Spot the Difference With Space Photos,0
Eggconsole Mad Rider MSX2,0
Is it True? Castle True-or-False Quiz,0
Anime Feet Girls: The Charm Finder Quest,0
Anime Feet Boys: The Charm Finder Quest,0
Battle Puzzle 2048: Queens of the Abyss,0
Capital City Brain Training Quiz!,0
Druids: Battle of Magic,0
Cookiette and the Vanilla Crystal,0
Curly Puzzle: World Heritage,0
Find Difference,0
Holodama: Content Clash,0
Korean Drone Flying Tour Wanju-gun,0
Mysterious Experiment Quiz,0
Mirrors of Deception: The Silver Peaks Secret,0
Star Quiz Airline Two-Choice Universe,0
Run from Blablublas horror,0
Vaccine Case,0
Amazing Weekend 4: Search and Relaxed - Collector's Edition,0
Before She’s Gone,0
Solitaire Crime Stories,0
Sweet Home: Look and Find 4 - Collector's Edition,0
Where’s the Tuna!?,0
EA Sports FC 26: TOTY Edition,0
Around the World 4: Family Tour - Collector's Edition,0
Milo's Dream,0
Critical Strike Modern: SWAT Shooter Ops,0
The Lab: Escape Room,0
Milo and the Cake of Happiness,0
Street Combat Fighting,0
There's No Differences: Cake,0
Only Up: Parkour Game,0
Magical Magic World,0
Dinosaur Bones Digging Simulator 2026,0
High Cars 3,0
Minesweeper Classic,0
Mine Breaker Simulator 2026,0
Nightfall Village,0
Last Battalion Defense,0
The Lost Block,0
Wall of Insanity 2,0
YellowPips,0
Cats Around Us: Giant Cat,0
Funny Cats Puzzle,0
Incubus Heart: Demon Love Redemption,0
Magicbook AutoBattler: Contract,0
Succubus Hearts: Demon Love Redemption,0
Cats Visiting Cozy Town,0
Crazy Stars: Rhythm Party,0
Eggconsole Courageous Perseus PC-8801,0
Exit of Truth! 40 Masterpiece Quiz,0
Night Strike Resistance: WW2,0
Pin Test Party Psychology,0
Brio World: Railway,0
Eden of Creation,0
Skinwalker,0
Contraband Patrol Simulator,0
Cats Hidden Around the World,0
Sudoku,0
Christmas Across America Collector's Edition,0
Mirrors of Deception: The Poisoned Legacy,0
Sweet Home: Look and Find 5 - Collector's Edition,0
Make it! Kushikatsu,0
Wash Cleaner Simulator,0
Sun Meadow,0
Gradiently 2,0
20 in 1 Family Games Mega Collection,0
Tropicalia,0
Legacy of Shnaus: Horror Room Escape,0
Luna & Canela: The Secret Crystal Garden,0
Forester Simulator 2026: Mushroom Hunting,0
Selling & Parking & Crash Simulator Bundle,0
Ship Simulator: Ocean Fishing,0
Jigsaw Realms: Nature,0
Drop Pop,0
Long Run 2,0
Sparkle & Umbra,0
Knight Castle Defender,0
Horizon Drift Unlimited 2026,0
CloverPit: Devil’s Gambit,0
Astro Party EX,0
Luna and the Dreams,0
Mage Battle Arena,0
Heroes Battle Awakening,0
Card Quest,0
Countless Army,0
Habitat Shapes,0
Escape Game R00m 09,0
Furry Girls Paradise: Love & Fun,0
Furry Pride Paradise Love & Fun,0
Run for Money: Hunter vs. Runner! Which Side Will You Win With!?,0
Black Border II,0
Blocks Ahoy!,0
Crayon Food,0
Eggconsole Wonderland of Carbuncle MSX2,0
Escape Game The Museum of Memories,0
Nyan Nyan Nyan Nyan Nyan,0
Cozy Pets and Friends,0
Crystal Vale: Dino Escape,0
Celestial Ascend,0
Cryzon Part3,0
Highway Traffic Pro,0
Clover Cove,0
"Diver, Catch & Cook Simulator",0
Offroad Rally Racing,0
Petmagotchi,0
Moto Rush GT: Essentials Edition,0
S.N.I.P.E.R: Hunter Scope - Hero's Edition,0
Fall Buddies,0
Hole Digging Beach Simulator,0
Whispers of Winter Blossom,0
Parkour Simulator 2026,0
DunHero,0
4PGP,0
Tiny Biomes,0
Delivery of Us,0
Magic Rune Stone,0
Cute Bonfire,0
Dragon Spira,0
Screw Master,0
Pin Strike 3,0
Mom Crush: Hidden Hotel Love Story,0
Sugar Daddy Crush: Hidden Hotel Love Story,0
Cartagra: First Press Limited Edition,0
RV Drive There Co-op,0
Eggconsole Super Tritorn MSX2,0
Anime Mother Life Simulator,0
Frogging Up: Frog Climb Rage Game,0
Solitaire Crime Stories Chapter 2,0
Backrooms: Duck Escape,0
Digging Adventure Simulator 2025,0
Dark Town Secrets: Lost Lulu Collector's Edition,0
Drone Delivery Express: City Simulator,0
Five Hearts Under One Roof,0
Is this potato?,0
Leo And Tig,0
Run from Duck,0
Rocket Time Trials: Galactic Highway,0
Exorcist: Survival Horror,0
Junkyard Builder Simulator,0
Jigsaw Realms: Villages,0
Trigodpats RPG,0
Escape from Tarkan,0
Space Bubble Shooter,0
USA Army Soldier Simulator,0
Dark Quest: Remastered,0
Little Strays 2,0
Mila & Zug,0
Nom Nom Apocalypse,0
Lumberjack Simulator: Made in Alaska 2026,0
Lines 98 Classic,0
Frostholm Isle,0
Smash Out 2,0
Build A Queen,0
Modern Naval Warfare: Sea Combat,0
Streamer Simulator 2026,0
BlazBlue Entropy Effect X: Deluxe Edition,0
Bubble Battle,0
Lil Gator Game: Gator of the Year Edition,0
Korean Monorail Panorama Line Soisan,0
(Dis)assemble,0
Down Among the Dead Men,0
Vampire Girls Love Story: Date or Die,0
Ultimate Battle Kingdom,0
Vampire Boys Love Story: Date or Die,0
Bloclash,0
Eggconsole Eggy PC-8801,0
Find the Four-Leaf Clover,0
Hunters Music World,0
Zumba World: The Crazy Marble Dimension,0
Super Sticker Studio: Creative Sticker Book Game for Kids,0
Hotel Simulator 2026,0
Clue: Murder By Death,0
Bartender Simulator 2026,0
Speed Dates,0
Backrooms: Poolrooms,0
Ready or Die,0
Jigsaw Realms: Seasons,0
Sakura Peak,0
Ass: Press F!,0
ShuXian Chronicles: Idle Ascension,0
Backrooms: We Escape Forever,0
Nocturnal Quest,0
Hentai Saki,0
To the Finale.,0
Slick Tricks: Potion Persuasion!,0
Melon's Sokoban Walk,0
Furry House,0
Soul Astray,0
"Serendipity Morning Mist: Dawn, Tobacco, Your Scent",0
Hentai Barmaid,0
Another Taste of Lotus Nectar,0
That Time I Saved You,0
Torshtra Minkan Setsuwashuu yori: Kokuou no Musume,0
Hentai World Tour,0
Caramel Action Micro,0
Growing Things Up: Season 1,0
Threshold of Judgement,0
Sex Therapy,0
Futanari Coffee Shop,0
Omega Man,0
One & Done,0
Nahi's Winter Holidate,0
The Lucky Stray Cat,0
Sex Novel: Swingers Yacht,0
Cerulean Invasion,0
Captain Hardcore,0
Dungeon Slayer,0
"It Can't Be That Hard, Can it?",0
Hentai Sexy Mom,0
Canteen's Islander,0
Hentai Shinobi,0
Avenging Angel Hikari Akeldama,0
Scary Stickmen,0
Hentai Age Servant,0
One Potion Please,0
Bring A Knife To A Gun Fight,0
Monster Under My Bed,0
Blood Permafrost,0
StarRupture,0
Hermit and Pig,0
Cooking Simulator 2: Better Together,0
Sophie: The Girl From The Zone,0
Nova Roma,0
Streetdog BMX,0
World of Magic: Rise of Magic,0
Souper Game,0
Car Service Together,0
My Best Friend's Sister,0
DuneCrawl,0
Ancient Farm,0
Past Fate,0
MaSzyna,0
Big Hops,0
Horizon Journey,0
Summer Beach,0
Havenhold,0
????,0
??????100?????,0
Nom Nom: Cozy Forest Café,0
House 2,0
"Don't Stop, Girlypop!",0
Roots Devour,0
?????,0
Confidential Killings - A Detective Game,0
ODDCORE,0
"What Awaits, Aleksey?",0
Fear The Timeloop,0
Feastopia,0
That Time I Got Reincarnated as a Demon Hand,0
LANESPLIT,0
Smutstone,0
Snow Ash,0
Hotel Tales,0
Quarantine Zone: The Last Check,0
Millennium Dream,0
Gamer Stop Simulator,0
Umbranomicon,0
Isekai Adventurer Guild,0
Gamblers Table,0
Kotama and Academy Citadel,0
On-Together: Virtual Co-Working,0
Vital Shell,0
HELLMART,0
EvoCreo,0
????????,0
Lure Of Passion,0
BULT: Hunting simulator,0
The NOexistenceN of Morphean Paradox : The Forest of Silver Shallots,0
Dungeon Antiqua 2,0
EmyLiveShow Origins: Emy the Vampire Queen,0
Fickle Card Legend,0
Dreadmyst,0
Rooftop Rascal: The Alien Cat,0
Plane Flight Simulator,0
Amer: The Chase Hit and Run,0
Glint's Revenge,0
"Loaders, Inc.",0
Super Hoops 2,0
The House of the Dead 2: Remake - Infect Edition,0
G Press,0
Towerborne: Deluxe Edition,0
Monkaru Fanta: Yuusha to Suishou no Shoujo,0
Daimon Guardian,0
Crazy Basket,0
Tales of Berseria Remastered: Deluxe Edition,0
Resident Evil Requiem: Lenticular Edition,0
Emoji Battlefield: Island Warfare,0
Snoot Runner,0
Road Jumper,0
Retina Rush,0
Fatal Frame II: Crimson Butterfly Remake - Digital Deluxe Edition,0
Sovereign Brain Empire,0
Checkmate Survivors,0
Goritaire,0
Mote: The Old Office,0
Blightened,0
Escape Prison Obby: Getaway,0
Lotzo and The Ray of Light,0
Calamity Angels: Special Delivery - Digital Deluxe Edition,0
Dinosaur Survival Simulator: Prehistoric RPG,0
Motorhome: Traveling North America 3 - Collector's Edition,0
Starless Abyss,0
Soulkin,0
Cute Astro,0
I'm not a Human: Horror Simulator,0
Dunk Trickster 2,0
Skate Bums,0
Bus Stop Shuffle,0
Colorizing: Sunshine,0
The Arcana: Dark Tarot & Queens of Madness,0
The Arcana: Dark Tarot & Kings of Madness,0
Temari Trials: Dojo's Test,0
Book of Korvald,0
Cargo Runner: Mars,0
Bug!Ban!Break!,0
Bad Cat Angry Granny,0
Balls vs. Tombs,0
Eggconsole Mugen no Shinzou III PC-8801mkIISR,0
Modern Attack,0
Destiny Powers: Dwarven Town,0
Solitaire Crime Stories Chapter 4,0
Stunt Car Extreme Simulator,0
Carnival Heroes: Super Party Minigames,0
Hummingbird Garden,0
Highway Roads Racer,0
Cavorite,0
Survive Disasters Apocalypse,0
Jigsaw Realms: Lost Isles,0
Frost Vale,0
Bubble Shot,0
Counter Force,0
"Island Survival 2026: Craft, Build, Grow",0
Human Bowling: King Pin,0
LOZT: Legion of Zombie Terrors,0
Soapy Tales,0
Capy Spa,0
Climb Driver,0
Pirate Simulator: Corsair Skull & Sails,0
Exit Lab Expert Level,0
Exit Lab Beginner Level,0
Exit Lab Intermediate Level,0
Magic Sheep,0
Picronix 2,0
Rolling Macho: Tumbling to Earth,0
Peaceful Fishing Story,0
Escape game R00m 10,0
Color Mismatch Brain Quiz,0
Eggconsole Super Cooks MSX2,0
Monkey in the Zoo,0
Sociable Soccer Champions,0
Trials of Olympus,0
Waterpark Simulator 2025,0
Haunted Manager,0
Snapshot Oddities! Find What's Wrong,0
Ho Ho & Move,0
Raiden Fighters 2: Operation Hell Dive,0
Raiden Fighters Jet,0
Pocket Archery Master,0
Love and Legends,0
Trials of Randoom,0
Soulshard,0
Fishing Pro Simulator,0
Jigsaw Realms: Oasis,0
Meowgic Mix,0
Aquamarine: Explorer's Edition,0
Gas Ratio,0
Prison Escape Simulator,0
Whiskey Mafia: Blacklist,0
Rina-sama Musou: The Chosen One and the Reign of Madness,0
Robo Rangers,0
Glowfall Vale,0
Top Cop: Police Training,0
Frog in the Fog,0
Firefighters Simulator 2026,0
Splash of Color,0
Frost Survival: Winter,0
Zawisza The Black,0
Dig to Escape: Obby,0
Anime Love Chat Girls,0
Parcel Mania,0
Avenue Escape,0
Mole Cart Mining,0
Shooty McSpaceFace,0
Lantern Push,0
Archerio,0
Ritsu Reasoning 2 Lost Memories,0
Bulb Boy 2: Jar of Despair,0
Pumuckl and the Crown of the Pirate King,0
Eggconsole Kohakuiro no Yuigon PC-8801mkIISR,0
Elf Girls,0
Elevral,0
Police Girls,0
Aery: The King's Messenger,0
Scavenger Hunt Find Hidden Objects,0
Never Grave: The Witch and The Curse - Deluxe Edition,0
Beetle Shock,0
Magic Realm Obby,0
Buck Blastem,0
Carom Billiards,0
Evergreen Meadow,0
1 CatLine,0
Do You Really Know?,0
Korean Drone Flying Tour Daedunsan,0
DecaDungeons,0
Collie Call: The Future Is Calling,0
Hidden Cats in Spooky Village,0
Six Seven Nights,0
Shalnor: Silverwind Saga 2,0
CreArt: Painting by Numbers,0
Spa Massage Boys: Love & Relax,0
Spa Massage Girls: Love & Relax,0
MLB The Show 26: Digital Deluxe Edition,0
Jigsaw Puzzle Passport: Spain,0
Penguin,0
Sand Seeker,0
HestiaFort,0
Ghost Master: Resurrection - Core Edition,0
Spot the Spy Guy,0
Castle Tycoon Simulator,0
Mistfall Ruins,0
Overpowered 2: Crux of Fate,0
Damon and Baby: Deluxe Edition,0
Sweet Starlight Sisters,0
Neopets: Mega Mini Games Collection - The Neopian Arcade Odyssey,0
Cards Lie,0
Otome Daoshi Fighting For Love,0
Chico's Rebound,0
Clover Reset,0
Mystic Explorer,0
Legendary Spell,0
LeMrosh in the Lazy Kingdom,0
Homura: The Crimson Warriors - Deluxe Edition,0
Dino Tales,0
Eve of Cultivation,0
My Wish To You,0
The Plant,0
Necromance,0
"The Complex Chapter 1: Who, What, Where?",0
Rooms,0
RunGX mini,0
Jump To Success,0
Shuffle Hunt,0
Tet~Craft: The Fourth Temple,0
Sticky Limey,0
Love is Trauma,0
AlienSunny,0
Mechanical Dynasty,0
Together Tree: Romance 911,0
Codename: Typhoon,0
The Prior Challenge,0
Soukh,0
Space Game,0
Teenage Wasteland,0
The Slow Process of Pulling Out My Guts,0
Tense Parking,0
Worm in Horror Place,0
Mayday,0
Fishing Cat's Slack-off Diary,0
DriveCraft,0
Riches in the Deep,0
Radiance of Souls,0
The Wrong Floor,0
Omni Kitty,0
Ling and the Corrupted Hollow,0
Pip's Potion Shop,0
Rummy Odyssey,0
Beyond the Doors,0
Lightsaver,0
TanCrush,0
Heart Idler,0
The Node,0
Patch,0
Debris,0
Gumball in Trick-or-Treat Land,0
Insider Trading,0
Go Ape Ship!,0
The Dream Office,0
Dungeon Trail,0
College Diaries,0
Yume Roof,0
Cult of the Sons,0
Nuumonsters,0
Plastic Lust,0
Rail Fights,0
Breaking Point,0
Cyber Traps & the Detective Squad,0
Phantom Of The Lily,0
Horse Manager,0
The Forgotten Castle,0
Hentai Nami,0
Illusion Pathology,0
Spectral Realm,0
Barely Working,0
Heroes of Tomorrow: Hidden Potential,0
Kupala,0
Apocalypse: The Hunger,0
Yapori Advance,0
Tai Chi Game,0
Beast Mask,0
Eel on Mask,0
Dice Goblins Clicker,0
Knot: Serpent Arena,0
Rock: Paper - Death,0
Maev,0
Dino Age: The First Fracture,0
Cake Maker,0
Above Water,0
Sealchain,0
Komadori Inn,0
Hentai Archer,0
I Have an Item,0
Bust Buddies,0
Plectra Spectre,0
Sujefa,0
Knock Knock!,0
Brick by Brick,0
Eleanor in Miami,0
Mitsume,0
Femdom First Timers,0
Room 601,0
Project C.U.R.E. Origins,0
Rooster Saga: I Believe I Can Fly,0
Reaper's Ledger,0
Astrogeo,0
"Hatsukoi, Mikan ni Tsuki Tsuzuku",0
Nmnmah,0
Maid in Grisaille,0
Behold the Horde,0
Empty the Ocean With a Bucket,0
Differences Master,0
I'd Lowkey Simp for that Bussin Femboy at Work,0
101 Cats Hidden in Naples,0
Halloween Filled With Cats,0
Konfronto,0
Aether Hexxen: Death-Space Requiem Act1,0
Colorado Rail Game,0
Tight Man,0
The Tall Man Tapes,0
Unknown Terminal,0
Retro Gunner,0
Olber's Paradox,0
Knightfall Showdown,0
Chess of Mana,0
They Killed Your Cat,0
Stacked!,0
SkillGrid,0
"Lovejuiced!: Hi Neighbor, meet Gamer",0
Honest Helper,0
Stringate,0
Exit Lab 15 Rooms,0
Bunny’s Rent-a-Mom Agency,0
Infinite Bowling,0
Pizza Panic!,0
Hentai Sora,0
Sweet Elf,0
"Yoshiko, Go to Your Relatives' House!",0
"Ready, Set, Block!",0
Guilds of Greybrook,0
Cats Ritual,0
Last Dolls,0
Pokémon Champions,100
Crimson Desert: Deluxe Edition,14
Winning Post 10 2026,36
Cookie Run: OvenSmash,33
Starfield,100
